Urban Vegetation,Urban Vegetation,Urban Vegetation,Urban Vegetation,Urban Vegetation,,Woodland,Woodland,Woodland,,,,,,Open Forest,Open Forest,Woodland,Woodland,,Woodland,Woodland,Woodland,Woodland,Woodland,Woodland,Woodland,Woodland,Open Forest,Woodland,Open Forest,Open Forest,Open Forest,,,,,,Urban Vegetation,,,,,,,,,Urban Vegetation,Urban Vegetation,,
Urban Vegetation,Urban Vegetation,Urban Vegetation,Urban Vegetation,,,Urban Vegetation,,,Open Forest,,,,,Open Forest,Open Forest,,Open Forest,Forest,Forest,Open Forest,Open Forest,Open Forest,Open Forest,Open Forest,Open Forest,Open Forest,Open Forest,Open Forest,Open Forest,Forest,Open Forest,,,,,,,,,,,,,,Urban Vegetation,Urban Vegetation,Urban Vegetation,,
,,,Urban Vegetation,,,,,,Open Forest,Open Forest,,,Open Forest,Open Forest,Open Forest,Open Forest,Forest,Forest,Forest,Open Forest,Open Forest,Open Forest,Open Forest,Open Forest,Open Forest,Open Forest,Open Forest,Open Forest,Forest,Forest,Open Forest,,,,,,,,,,,,,,,Urban Vegetation,,,
,,,,,,,,,Urban Vegetation,Open Forest,Open Forest,Open Forest,Open Forest,Woodland,Forest,Forest,Forest,Open Forest,Open Forest,Open Forest,Open Forest,Open Forest,Open Forest,Open Forest,Forest,Forest,Open Forest,Open Forest,Open Forest,Open Forest,,,,,,,,,,,,,,,,Urban Vegetation,,Urban Vegetation,
,,,,,,,,,Urban Vegetation,,Open Forest,,,Open Forest,Forest,Forest,Forest,Open Forest,Open Forest,Open Forest,Forest,Open Forest,Open Forest,Open Forest,Forest,Open Forest,,Woodland,Woodland,Woodland,,,,,,,,,,,,,,,,,Urban Vegetation,Urban Vegetation,
,Urban Vegetation,,,,,,,,Urban Vegetation,Urban Vegetation,,,Open Forest,Forest,Forest,Open Forest,Open Forest,Forest,Forest,Forest,Forest,Forest,Open Forest,,Woodland,,,Woodland,Woodland,,Urban Vegetation,,,,,,,,,,,,,,,,Urban Vegetation,,
,,,,,,,,,Urban Vegetation,,Open Forest,,Open Forest,Forest,Forest,Open Forest,Open Forest,Forest,Forest,Forest,Forest,Forest,Open Forest,,,,Woodland,Woodland,Woodland,,,,,,,,Urban Vegetation,Urban Vegetation,Urban Vegetation,,,,,,,Urban Vegetation,,,
,,Urban Vegetation,,,,,,,,,Open Forest,Open Forest,,Open Forest,Forest,Forest,Forest,Forest,Forest,Forest,Forest,Forest,Forest,Open Forest,Open Forest,Woodland,Woodland,Woodland,Woodland,Urban Vegetation,Urban Vegetation,Urban Vegetation,,Urban Vegetation,,,,,,,,,,,,Urban Vegetation,,,
,,,,,,,,Woodland,,Open Forest,Open Forest,Open Forest,Open Forest,Open Forest,,,Open Forest,Forest,Forest,Open Forest,Open Forest,Woodland,Woodland,,Woodland,Woodland,Woodland,,Woodland,Urban Vegetation,Urban Vegetation,Urban Vegetation,,,,,,,,,Urban Vegetation,Urban Vegetation,,,Urban Vegetation,Urban Vegetation,,,
,,,Open Forest,,,,,Woodland,,Open Forest,Open Forest,Forest,Forest,Open Forest,Open Forest,Woodland,Woodland,Woodland,Woodland,Woodland,Woodland,Woodland,Woodland,Woodland,Open Forest,,Woodland,,Open Forest,Woodland,,,,,,,,,,,,Urban Vegetation,Urban Vegetation,,,,,,
,,,,,,,,Woodland,,Open Forest,Forest,Open Forest,Open Forest,Open Forest,Open Forest,Open Forest,Open Forest,Open Forest,Open Forest,Open Forest,Open Forest,Woodland,Open Forest,Open Forest,Open Forest,Open Forest,Open Forest,Open Forest,,Open Forest,,,,,,,Urban Vegetation,Urban Vegetation,Urban Vegetation,,,Urban Vegetation,Urban Vegetation,Urban Vegetation,Urban Vegetation,,,,
,,,Open Forest,,,,Woodland,,Open Forest,Forest,Open Forest,Open Forest,Open Forest,Open Forest,Open Forest,Open Forest,Open Forest,Open Forest,Open Forest,Open Forest,Open Forest,Open Forest,Open Forest,Forest,Open Forest,Open Forest,Open Forest,Open Forest,Open Forest,Open Forest,Open Forest,,,,,,,,,,,Urban Vegetation,Urban Vegetation,Urban Vegetation,,,,,
,,,Open Forest,,,,Woodland,,Open Forest,Open Forest,Open Forest,Open Forest,Open Forest,Open Forest,Open Forest,Open Forest,Open Forest,Open Forest,Open Forest,Open Forest,Forest,Forest,Forest,Forest,Open Forest,Open Forest,Open Forest,Open Forest,Open Forest,,Open Forest,,,,,,,,,,,Urban Vegetation,Urban Vegetation,,,,,,
Open Forest,Open Forest,Open Forest,Open Forest,Open Forest,,,Woodland,,Open Forest,Forest,Forest,Forest,Forest,Forest,Forest,Forest,Forest,Open Forest,Forest,Forest,Forest,Open Forest,Open Forest,Forest,Forest,Open Forest,Open Forest,Open Forest,Open Forest,Open Forest,Open Forest,,,,,,,,,,,Urban Vegetation,Urban Vegetation,,,,,,
Forest,Forest,Forest,Forest,Open Forest,Open Forest,Woodland,Woodland,,Forest,Forest,Forest,Forest,Forest,Forest,Forest,Open Forest,Forest,Forest,Forest,Forest,Open Forest,Open Forest,Open Forest,Open Forest,Open Forest,Open Forest,Forest,Open Forest,Open Forest,Open Forest,Urban Vegetation,,,,,,,,,,,Urban Vegetation,Urban Vegetation,,,,,,
Forest,Forest,Forest,Forest,Forest,Forest,Open Forest,Open Forest,Open Forest,Forest,Forest,Forest,Forest,Forest,Forest,Forest,Open Forest,Forest,Forest,Open Forest,Open Forest,Open Forest,Open Forest,Open Forest,Open Forest,Open Forest,Forest,Forest,Open Forest,Open Forest,Open Forest,,,,,,,,,,,,Urban Vegetation,Urban Vegetation,,,,,,
Forest,Forest,Open Forest,Open Forest,Open Forest,Forest,Forest,Forest,,Forest,Forest,Open Forest,Open Forest,Open Forest,Open Forest,Forest,Open Forest,Open Forest,Open Forest,Open Forest,Open Forest,Open Forest,Open Forest,Open Forest,Forest,Forest,Forest,Forest,Open Forest,Open Forest,Open Forest,Urban Vegetation,,,,,,,,,,,Urban Vegetation,Urban Vegetation,,,,,,
Forest,Open Forest,Open Forest,Forest,Forest,Forest,Forest,Forest,Open Forest,Open Forest,Open Forest,Open Forest,Open Forest,Open Forest,Forest,Open Forest,Open Forest,Open Forest,Open Forest,Open Forest,Forest,Forest,Forest,Forest,Forest,Forest,Forest,Forest,Forest,Open Forest,Open Forest,,,,,,,,,,,,,Urban Vegetation,,,,,,
Open Forest,Open Forest,Forest,Forest,Forest,Forest,Forest,Forest,Open Forest,Open Forest,Open Forest,Forest,Forest,Forest,Open Forest,Open Forest,Open Forest,Open Forest,Open Forest,Open Forest,Open Forest,Forest,Forest,Forest,Forest,Forest,Forest,Forest,Open Forest,Open Forest,Open Forest,Open Forest,Urban Vegetation,,,,,,,Urban Vegetation,Urban Vegetation,Urban Vegetation,,Urban Vegetation,,,,,,
Forest,Forest,Forest,Forest,Forest,Forest,Forest,Open Forest,Open Forest,,Open Forest,Forest,Forest,Open Forest,Open Forest,Forest,Open Forest,Open Forest,Open Forest,Open Forest,Open Forest,Open Forest,Open Forest,Open Forest,Forest,Forest,Forest,Forest,Open Forest,,,,,,,,,,,,Urban Vegetation,Urban Vegetation,Urban Vegetation,Urban Vegetation,Urban Vegetation,Urban Vegetation,Urban Vegetation,Urban Vegetation,,
Forest,Forest,Forest,Forest,Open Forest,Open Forest,Open Forest,Open Forest,Open Forest,Open Forest,Open Forest,Forest,Forest,Open Forest,Forest,Forest,Open Forest,Open Forest,Open Forest,Forest,Forest,Forest,Forest,Open Forest,Open Forest,Forest,Forest,Open Forest,,,,,,Urban Vegetation,,,,,,,,,Urban Vegetation,Urban Vegetation,Urban Vegetation,Urban Vegetation,Urban Vegetation,Urban Vegetation,,Urban Vegetation
Open Forest,Forest,Forest,Forest,Open Forest,Woodland,Woodland,Woodland,Woodland,Open Forest,Open Forest,Forest,Forest,Forest,Forest,Forest,Forest,Forest,Forest,Forest,Forest,Forest,Forest,Forest,Forest,Open Forest,Open Forest,Open Forest,Open Forest,,,,,,Urban Vegetation,,,,,Urban Vegetation,,,Urban Vegetation,Urban Vegetation,Urban Vegetation,,,,,
Open Woodland,Open Forest,Open Forest,Open Forest,Open Woodland,Woodland,Woodland,Woodland,Woodland,Woodland,Open Forest,Forest,Forest,Forest,Open Forest,Open Forest,Forest,Forest,Open Forest,Open Forest,Open Forest,Open Forest,Forest,Forest,Open Forest,Open Forest,Open Forest,Forest,Forest,Open Forest,,,,,,,,,,,,Urban Vegetation,Urban Vegetation,Urban Vegetation,Urban Vegetation,,,,,
Open Woodland,Open Woodland,Open Woodland,Open Woodland,Woodland,Woodland,Woodland,Woodland,Woodland,Woodland,Open Forest,Forest,Forest,Forest,Open Forest,Open Forest,Open Forest,Open Forest,Open Forest,Open Forest,Forest,Forest,Open Forest,Open Forest,Open Forest,Forest,Forest,Forest,Forest,Forest,Open Forest,,,,,,,,,,,Urban Vegetation,Urban Vegetation,Urban Vegetation,Urban Vegetation,,,,,
Grassland,Open Woodland,Open Woodland,Open Woodland,Open Woodland,Woodland,Woodland,Woodland,Woodland,,Open Forest,Forest,Forest,Forest,Forest,Forest,Open Forest,Open Forest,,Forest,Forest,Forest,Forest,Open Forest,Forest,Forest,Forest,,,Forest,Open Forest,,,,,,,,,,,Urban Vegetation,Urban Vegetation,Urban Vegetation,,,,,,
Grassland,Grassland,Open Woodland,Open Woodland,Open Woodland,Open Woodland,Woodland,Woodland,Woodland,Woodland,Forest,Forest,Forest,Forest,Forest,Forest,Open Forest,Open Forest,Open Forest,Forest,Forest,Forest,Forest,Forest,Forest,Forest,Forest,,,Forest,Forest,,,,,,,,,,Urban Vegetation,Urban Vegetation,Urban Vegetation,Urban Vegetation,,,,,,
Open Woodland,Grassland,Open Woodland,Open Woodland,Open Woodland,Woodland,Woodland,Woodland,Woodland,Woodland,Open Forest,Open Forest,Forest,Forest,Forest,Forest,Forest,Forest,Forest,Forest,Forest,Forest,Forest,Forest,Forest,Forest,Forest,Forest,,,Open Forest,,,,,,,,,,Urban Vegetation,Urban Vegetation,,,,,,,,
,Open Woodland,Grassland,Grassland,Grassland,Open Woodland,Woodland,Woodland,Woodland,Woodland,Open Forest,Open Forest,Forest,Forest,Forest,Forest,Forest,Forest,Forest,Forest,Forest,Forest,Forest,Forest,Forest,Forest,Forest,Forest,,,,,,,,,,,,,,,,,,,,,,
Open Woodland,Open Woodland,,Grassland,Grassland,Grassland,Woodland,Woodland,,Open Forest,Open Forest,Open Forest,Forest,Forest,Forest,Forest,Forest,Forest,Forest,Forest,Forest,Open Forest,Open Forest,Open Forest,Open Forest,,Open Forest,Forest,Forest,,,,Urban Vegetation,,,,,,Urban Vegetation,,,,,,,,,,,
Open Woodland,Open Woodland,Open Woodland,Open Woodland,Grassland,Grassland,,Open Woodland,,Woodland,Open Forest,Open Forest,Forest,Forest,Forest,Forest,Forest,Forest,Forest,Forest,Forest,Open Forest,Open Forest,Open Forest,Open Forest,Forest,Forest,Forest,,,,,Urban Vegetation,,,,,Urban Vegetation,Urban Vegetation,,,,,,,,,,,
Open Woodland,Grassland,Arboretum,Arboretum,Open Woodland,Open Woodland,Open Woodland,Open Woodland,Woodland,Woodland,Open Forest,Open Forest,Forest,Forest,Forest,Forest,Forest,Forest,Forest,Forest,Forest,Forest,Forest,Forest,Forest,Forest,Forest,Forest,,,,Urban Vegetation,,,Urban Vegetation,Urban Vegetation,,Urban Vegetation,Urban Vegetation,Urban Vegetation,,,,,,,,,,
Open Woodland,Grassland,Arboretum,Arboretum,,Open Woodland,Open Woodland,Open Woodland,Grassland,Woodland,Woodland,Open Forest,Forest,Forest,Forest,Forest,Forest,Forest,Forest,Forest,Forest,Forest,Forest,Forest,Forest,Forest,Forest,,,Open Forest,Urban Vegetation,Urban Vegetation,,,Urban Vegetation,Urban Vegetation,Urban Vegetation,,,,,,,,,,,,,
Grassland,Grassland,Arboretum,Arboretum,Arboretum,Open Woodland,Open Woodland,Open Woodland,Grassland,Woodland,Woodland,Open Forest,Forest,Forest,Forest,Forest,Forest,Forest,Forest,Forest,Forest,Forest,Forest,Forest,Forest,Forest,Forest,Forest,Open Forest,Urban Vegetation,Urban Vegetation,Urban Vegetation,Urban Vegetation,Urban Vegetation,Urban Vegetation,Urban Vegetation,,,,,,,,,,,Urban Vegetation,Urban Vegetation,,
Grassland,Grassland,Arboretum,Arboretum,Arboretum,,Open Woodland,Open Woodland,Grassland,Woodland,Woodland,Open Forest,Forest,Forest,Forest,Forest,Forest,Forest,Forest,Forest,Forest,Forest,Forest,Forest,Forest,Forest,Forest,Forest,,Urban Vegetation,Urban Vegetation,Urban Vegetation,Urban Vegetation,,Urban Vegetation,Urban Vegetation,,,,,,,,,,Urban Vegetation,Urban Vegetation,Urban Vegetation,,
Grassland,Arboretum,Arboretum,Arboretum,Arboretum,Open Woodland,Open Woodland,,Open Woodland,Open Woodland,Woodland,Open Forest,Open Forest,Open Forest,Forest,Forest,Forest,Forest,Forest,Forest,Forest,Forest,Open Forest,Open Forest,Open Forest,Open Forest,Open Forest,Open Forest,Urban Vegetation,Urban Vegetation,,,,,,,,,,,,,,,,Urban Vegetation,Urban Vegetation,Urban Vegetation,,
Grassland,Grassland,Grassland,Arboretum,,Grassland,Grassland,,Woodland,Open Woodland,Woodland,Open Forest,Open Forest,Forest,Forest,Forest,Forest,Forest,Forest,Forest,Forest,Forest,Open Forest,Open Forest,Urban Vegetation,Urban Vegetation,Urban Vegetation,Urban Vegetation,Urban Vegetation,,Urban Vegetation,,,,,,,,,,,,,,,Urban Vegetation,Urban Vegetation,,,
Grassland,Grassland,Grassland,Arboretum,Open Woodland,Open Woodland,Woodland,,Open Forest,,,,Open Forest,Open Forest,Open Forest,Open Forest,Open Forest,Open Forest,Open Forest,Open Forest,Open Forest,Open Forest,,Urban Vegetation,,,,,,,,Urban Vegetation,Urban Vegetation,,,,,,,,Urban Vegetation,,,,,Urban Vegetation,Urban Vegetation,,,
Arboretum,Arboretum,Arboretum,Arboretum,Open Woodland,Woodland,Open Forest,Urban Vegetation,Urban Vegetation,,,Urban Vegetation,Urban Vegetation,,,,,,,,Urban Vegetation,Urban Vegetation,Urban Vegetation,,,,,,,,,Urban Vegetation,Urban Vegetation,Urban Vegetation,Urban Vegetation,,,,Urban Vegetation,Urban Vegetation,,,,,,Urban Vegetation,Urban Vegetation,,,
Arboretum,Arboretum,Arboretum,Open Woodland,Open Forest,Open Forest,,Grassland,Urban Vegetation,Urban Vegetation,,,,,,,,,,,Urban Vegetation,Urban Vegetation,,,,,,,,,,,Urban Vegetation,,Urban Vegetation,,,Urban Vegetation,,Urban Vegetation,Urban Vegetation,Urban Vegetation,Urban Vegetation,Urban Vegetation,Urban Vegetation,Urban Vegetation,,,,
Arboretum,Arboretum,,Open Forest,Open Forest,Open Forest,Grassland,Woodland,,,,,,,,Urban Vegetation,Urban Vegetation,,,,Urban Vegetation,Urban Vegetation,,,,,,,,,,,,Urban Vegetation,Urban Vegetation,,Urban Vegetation,Urban Vegetation,Urban Vegetation,,,,,Urban Vegetation,,,,Urban Vegetation,Urban Vegetation,
Arboretum,,Grassland,Grassland,Grassland,,Woodland,,,,,,,,,Urban Vegetation,Urban Vegetation,,,,Urban Vegetation,Urban Vegetation,,,,,,,,,,,,Urban Vegetation,Urban Vegetation,,,Urban Vegetation,,,,,,,Urban Vegetation,,Urban Vegetation,Urban Vegetation,Urban Vegetation,Urban Vegetation
Grassland,Grassland,Grassland,Grassland,Grassland,Grassland,Woodland,,,,,,,,Urban Vegetation,Urban Vegetation,Urban Vegetation,,,,Urban Vegetation,Urban Vegetation,,,,,,,,,,,,Urban Vegetation,Urban Vegetation,Urban Vegetation,,Urban Vegetation,,,,,,,Urban Vegetation,,,,Urban Vegetation,Urban Vegetation
Grassland,Grassland,Grassland,Grassland,Grassland,Grassland,Woodland,Woodland,,,,,Urban Vegetation,Urban Vegetation,Urban Vegetation,Urban Vegetation,Urban Vegetation,,,Urban Vegetation,Urban Vegetation,Urban Vegetation,,,,,,,,Urban Vegetation,Urban Vegetation,,,,Urban Vegetation,Urban Vegetation,Urban Vegetation,Urban Vegetation,,,,,,,Urban Vegetation,Urban Vegetation,,,Urban Vegetation,Urban Vegetation
Grassland,Grassland,Grassland,Grassland,Grassland,Grassland,Grassland,,,,Urban Vegetation,Urban Vegetation,Urban Vegetation,Urban Vegetation,Urban Vegetation,Urban Vegetation,,,,,Urban Vegetation,Urban Vegetation,,,,,,,,,Urban Vegetation,,,,,Urban Vegetation,Urban Vegetation,Urban Vegetation,,,,,,,Urban Vegetation,Urban Vegetation,Urban Vegetation,Urban Vegetation,Urban Vegetation,Urban Vegetation
Grassland,Grassland,Grassland,Grassland,Grassland,Grassland,,,,,Urban Vegetation,Urban Vegetation,Urban Vegetation,Urban Vegetation,Urban Vegetation,Urban Vegetation,,,,Urban Vegetation,Urban Vegetation,Urban Vegetation,,,,,,,,,,,,,,,,,,,,,,,Urban Vegetation,Urban Vegetation,,,,
Open Forest,Open Forest,Woodland,Woodland,Grassland,Grassland,,,,,Urban Vegetation,Urban Vegetation,Urban Vegetation,Urban Vegetation,,,,,,Urban Vegetation,Urban Vegetation,Urban Vegetation,,,,,,,,,,,,,,,,,,,,,,,,,,,,
,Open Forest,Woodland,Woodland,Grassland,Grassland,,,,Urban Vegetation,Urban Vegetation,Urban Vegetation,Urban Vegetation,Urban Vegetation,Urban Vegetation,Urban Vegetation,,,,,Urban Vegetation,Urban Vegetation,,,,,,,,,,,,,,,,,,,,,,,,,,,,
Woodland,Open Forest,Woodland,Woodland,Woodland,Grassland,,,,,Urban Vegetation,Urban Vegetation,Urban Vegetation,Urban Vegetation,Urban Vegetation,Urban Vegetation,,,,,,,,,,,,,,,,,,,,,,,,,,,,Urban Vegetation,,,,,,
,Woodland,Woodland,Woodland,Woodland,,,,,,,,,Urban Vegetation,Urban Vegetation,Urban Vegetation,,,,,,,,,,,,,,,,,,,,,,,,,,,Urban Vegetation,Urban Vegetation,,,,,,
,Woodland,Woodland,Woodland,Woodland,,,,Urban Vegetation,,,Urban Vegetation,,Urban Vegetation,Urban Vegetation,Urban Vegetation,,,,,,,,,,,Woodland,Woodland,,,,,,,,,,,,,,,Urban Vegetation,Urban Vegetation,,,,,,
